Id,Predicted
1,-1.456062592765461
2,-0.46392099129510267
3,-2.2437029099367916
4,-1.965182388342873
5,0.24115248945929058
6,-2.074907378209195
7,-2.5131226610314084
8,-1.586071569334555
9,-0.6037747588526424
10,-1.4148664907979818
11,-5.078774062357743
12,-0.8955309696692434
13,2.2104988042775293
14,-1.771326181657889
15,-0.9087631270565576
16,-2.5426939253730634
17,-1.2358922226860525
18,-0.7832148190156597
19,-0.8600324433079701
20,4.266250648579268
21,-2.660034637414517
22,-4.471416255201666
23,-0.04016925238695801
24,-1.179113205701002
25,-1.0119715726350105
26,-1.4546989349961503
27,-1.205924421599553
28,-0.5223746937084764
29,-0.11861673045736676
30,-1.1203672968084017
31,-0.8057727375387936
32,-1.4148664907979818
33,-2.118626248117712
34,-2.7758248037633475
35,-1.0309819297167682
36,-1.2418356280029368
37,-0.9279697604886418
38,-2.699663078789447
39,-0.32717941302507636
40,-2.5368431481845786
41,-2.118626248117712
42,-0.1980681340661955
43,-2.04352108791719
44,-3.4010874615398077
45,-2.074907378209195
46,-2.2856062443590783
47,-0.1558173218902733
48,-1.9524117072063998
49,0.5888720377716884
50,-1.9952974770795233
51,-2.5426939253730634
52,-2.367644554937618
53,-1.5172520377967995
54,-1.045947184427808
55,-1.251370225434533
56,0.7043486826239108
57,-0.8057727375387936
58,-1.1964925142046265
59,-2.118626248117712
60,-0.3692412335188332
61,-0.39663097962924165
62,-1.0052416766846601
63,-0.5709627672143734
64,-1.5956162142694321
65,-0.926169336901621
66,-0.8238454769981213
67,-1.3900676491106392
68,1.3526914966547867
69,-6.37654485585829
70,-0.8724914887741501
71,-2.125876708150427
72,-2.55554571606182
73,-1.7651204696929366
74,-1.0052416766846601
75,-2.679184675247397
76,0.8251938430073925
77,-0.5131097949182201
78,-0.2786068367491391
79,-1.94043071434192
80,2.972013451085717
81,-3.227839609287903
82,0.48220157064688796
83,0.00510658770346073
84,-6.758858567967058
85,-0.6394860125704777
86,-0.264930551110515
87,4.266250648579268
88,5.799411839066446
89,-1.0842592870288552
90,-0.3657885172009737
91,-1.4387431017145733
92,-0.34483969664457337
93,1.5096552627830793
94,-3.107605883459035
95,-1.1871092467425992
96,0.07155927568048714
97,-2.005336903732987
98,-2.258689439280891
99,-1.152322814344279
100,-1.3593721705402455
101,-3.490623035834153
102,0.3727785031206513
103,-1.29878729242896
104,-3.418636061397086
105,-0.34225335565192505
106,-1.1722591886419131
107,-2.2393774867620717
108,-0.5749718361701975
109,-1.7437206118578725
110,0.7167865832184664
111,-2.2443054812940684
112,-0.23162695389044596
113,-2.5322393402845105
114,-0.9163901765076669
115,-0.7879577660837372
116,-0.2700292113392545
117,-0.8145481449927113
118,-1.2002599758600265
119,-0.5928887864777489
120,-0.4903105173808536
121,0.07155927568048714
122,-2.183493094739772
123,-2.416158163295213
124,-2.497195190401859
125,-2.7758248037633475
126,-1.052342285901636
127,-1.8021395117603358
128,-1.1915665256936787
129,-0.3657885172009737
130,-0.4268976169509012
131,-0.6037747588526424
132,-0.7667701325525565
133,-0.835534717246622
134,-0.667253937088441
135,-0.8671129398312639
136,-0.19594974112999164
137,0.3829409661216038
138,-1.2374088427347711
139,-2.1782820275917683
140,4.277269054878085
141,0.14946467239878747
142,-0.9630704204864083
143,-2.2443054812940684
144,2.7992151408134607
145,-1.5263322286058152
146,-1.34211435613072
147,-5.0405237917111005
148,-2.5785170919316354
149,0.14754689149687483
150,1.954808821986484
151,-1.6198971072161665
152,-0.7080721241625784
153,-1.2949316588061688
154,-0.4403174207670356
155,-4.618137025631233
156,-0.4898580609898938
157,0.8567311395269092
158,-3.227839609287903
159,-2.2567765676580596
160,-1.3593721705402455
161,-6.373494402926459
162,-0.26769832011335903
163,-1.2090548802776535
164,-0.6015732589538966
165,0.9408157494664185
166,-0.8949159962546512
167,-2.099003885427953
168,-1.2722957712121197
169,-1.3798016398196804
170,-3.0961460306897077
171,1.9278370545603654
172,-5.236812997835562
173,-1.491383062130927
174,-0.7294683290144145
175,1.6519888192544716
176,0.5794075999571239
177,-1.5582018746386321
178,-1.5582018746386321
179,-0.4624706474440411
180,0.07155927568048714
181,-0.17195025461383107
182,-3.0860586440398716
183,-0.2346979741968961
184,0.3246069285278229
185,-2.1559924583620838
186,-0.8620494338663728
187,-1.7820126414413604
188,-0.3852645256940618
189,-0.7568757199732995
190,-1.2668071507024106
191,-2.0965889267575246
192,0.1511723684977061
193,-0.6394860125704777
194,-0.8415285488685152
195,-0.9738943827992922
196,-2.5727706147270393
197,-1.7442574356524911
198,-1.7460011720870394
199,-2.2539494014195522
200,0.13130503437057872
201,-1.3841400818506866
202,-1.3679143125994297
203,-0.557109805855727
204,-2.816078747456414
205,-0.8787160854236954
206,-0.2656550695577432
207,-0.17626074057653607
208,-0.7708270725176812
209,-2.786517374622383
210,-0.38614601810785654
211,-0.32156872373854906
212,-1.2533333932534827
213,0.47464134018357573
214,-1.0808353820165788
215,-5.699108166219608
216,-1.152322814344279
217,-1.3243630751484599
218,-2.1554360717351226
219,-1.1775907398992214
220,-0.748992986148794
221,0.9678937035136476
222,-2.3144422736965975
223,-2.685319706687812
224,-0.7020363572402298
225,2.687003077485601
226,-0.4409336531445919
227,-0.2686389094110363
228,-0.06131303176678127
229,-0.33652908229155354
230,-0.8688938685978281
231,-0.5928887864777489
232,-1.454446842490631
233,-0.6012356710945727
234,-0.6012356710945727
235,-2.854617491396402
236,-2.1870565205404002
237,-1.1202210402389934
238,2.3619760786387136
239,-1.3399365681426954
240,0.05691706120243556
241,-1.0827030982400512
242,-1.6145497155873212
243,0.38282313863553175
244,-0.9026046148307411
245,-0.6377957428382554
246,1.3526914966547867
247,-6.758858567967058
248,1.0775966706807427
249,0.18556678076156008
250,-1.1202210402389934
251,-1.3836175981388887
252,-2.866170918663136
253,-0.3692412335188332
254,-0.2613613076166582
255,-1.68105667784622
256,-0.6445739025051632
257,-0.3614328743206964
258,-0.6739276900562085
259,-1.2538487250198838
260,-1.8523141271651777
261,-1.9605897433856025
262,-0.7080721241625784
263,-0.32717941302507636
264,-0.4841533506446235
265,-1.2196816740500278
266,-0.701342326118043
267,0.9678937035136476
268,-1.4011628358730288
269,1.5068518083390803
270,-1.1189989992167764
271,-1.4148664907979818
272,-0.22804926996349717
273,0.1588931764635736
274,-5.137370720283348
275,-2.153741352727918
276,-0.9214738549217908
277,-0.5871459377632869
278,2.3619760786387136
279,2.3619760786387136
280,-1.8910589093972785
281,-0.6913652457080469
282,0.13922482971784167
283,-1.9082867759117814
284,0.10525420011330955
285,-0.7615318457751935
286,-1.1257264328872392
287,-2.55741540948768
288,0.9004119902908575
289,-0.40868507364129936
290,-0.8558998938621779
291,1.954808821986484
292,-0.9811061178566386
293,-0.556542980213086
294,-0.3555210925247162
295,-0.12093484958291423
296,-1.9032961843645122
297,0.3047773293277435
298,-0.14535523963527008
299,-2.578618499239857
300,-2.27505468405875
301,-0.3800844680457852
302,-2.2571811474246797
303,0.42356340925767644
304,0.07899564719725494
305,-0.27386042731681026
306,-0.9030760082676234
307,0.8251938430073925
308,-0.3852645256940618
309,-0.49710038363153675
310,-0.7284574890185932
311,0.1326906324963152
312,-0.11064846736964096
313,0.012618409283733922
314,-0.40773642591689974
315,0.23407717722070676
316,-0.34596635920764196
317,-1.7753622999336631
318,-3.2322250847969425
319,-0.8671129398312639
320,-1.8762219080323774
321,-2.209409026167817
322,-0.09527792665725154
323,-5.137370720283348
324,-1.5405021463275386
325,0.7656521187016684
326,0.3343970886912492
327,-0.5376533811772556
328,-1.9975310443408443
329,-2.9081569157782265
330,-1.3751907875788074
331,-2.1851553604494054
332,-0.8620494338663728
333,-0.6132234655413223
334,-0.0036702583826889734
335,0.11724654422578606
336,1.1805365703570505
337,-1.0808353820165788
338,-0.08001155692939743
339,-0.27052194501965754
340,-0.5556104599005404
341,-0.9032253663475894
342,0.4244610638309273
343,0.1511723684977061
344,-0.2649916354251597
345,-1.1690259688207743
346,-0.5055691842904116
347,-0.8415285488685152
348,-0.8104481672684604
349,-0.9017729946980974
350,-3.2640087939248215
351,-0.05622019168024461
352,-1.3679143125994297
353,-0.5132740455486554
354,-1.7223761793851633
355,-2.1202413630165307
356,-2.4907249556444224
357,-1.7068528708240809
358,-0.09123825155492848
359,-0.49710038363153675
360,-1.1009992607760415
361,-0.47172260536097166
362,-1.1574016377927432
363,-1.4038350820018817
364,-3.209196136031542
365,-2.2819289259028164
366,-0.5202231687343878
367,-0.05320569870518266
368,-1.3418945296643283
369,-2.5861533492755537
370,-1.279770244654264
371,-0.7669468545636472
372,-0.32156872373854906
373,-6.004248124941546
374,-0.4387337799531873
375,-0.7871817999134317
376,-0.28888528147505876
377,-0.6026271176981107
378,-1.8350223553111729
379,-2.205575203930712
380,-0.40799119801967787
381,-0.5384730157858025
382,-0.55578385586674
383,-0.4317424985809647
384,-1.7875017888118716
385,-1.5568341505140975
386,0.3829409661216038
387,3.430616425205459
388,0.11490693874035618
389,-1.5046037111847514
390,-3.0961460306897077
391,-1.4007610481638348
392,-0.48073022783171904
393,-5.0405237917111005
394,-0.49200455227521356
395,-0.5734847460668727
396,-0.11064846736964096
397,-0.8319273929142578
398,-0.7043517585411844
399,-0.3796015639512528
400,-0.20876967067763796
401,-0.06380911345050844
402,0.09642351698928497
403,-1.0829603750168015
404,0.3925545141982828
405,-1.1202210402389934
406,-0.9114804246489764
407,-0.4232427653372549
408,-0.5339931450021516
409,-3.401916024004782
410,-0.7186217586290676
411,-2.3849563581220874
412,-1.875923697409112
413,-1.1736668975462177
414,-1.7547378572558525
415,-0.996492046180469
416,-1.1361445118135176
417,-1.3123861538158081
418,-0.6475280619073568
419,-1.0002274647335465
420,-0.8960611402864219
421,-1.0388040042239108
422,-1.0580320344927596
423,0.8300634916334763
424,-0.31594360538183064
425,-0.15815593199314815
426,-0.4898580609898938
427,-1.1564073513196913
428,0.2868920278251129
429,-1.5732506120121723
430,-0.15783096335821323
431,-0.7737501801622723
432,-4.805564444036284
433,-1.3420827019206687
434,-0.8699519190369694
435,0.23927765126945577
436,0.06161496908755215
437,-0.8517030289467636
438,-0.24744398218142105
439,-0.5339931450021516
440,0.5338318146682984
441,-0.13121842402965977
442,-0.5652060860502858
443,-2.521386056424367
444,-1.4661998516149222
445,-1.4067413259433277
446,-1.064197680070853
447,-0.6331566075382379
448,-0.8887852858015374
449,-1.8457436106342069
450,-4.352229481707729
451,-2.497454468032279
452,-0.25561054464562527
453,-0.27386042731681026
454,-0.3593535946608791
455,-0.3628776931936474
456,0.12462941955914364
457,-0.6488798309040841
458,-0.8939319987684423
459,-1.5232964370307993
460,-0.40773642591689974
461,-0.40308457215272664
462,-0.33885554586782074
463,0.18816411534534272
464,-0.7815648809895402
465,1.1292382632744253
466,-1.25492385667099
467,-1.3094523731862022
468,-0.7526691410087859
469,-0.8031930791161325
470,-0.6850642973364865
471,-0.025964594834055776
472,-1.747943009362471
473,1.1079064635806422
474,0.5604464082144976
475,-0.6934939350538708
476,-1.156301990870058
477,-0.31134632877353663
478,-0.5645623035462516
479,-0.5645623035462516
480,2.8431212126283274
481,-1.4851900478731164
482,-1.1993455391123842
483,-1.19301040311524
484,-0.5009089829737031
485,-2.4907249556444224
486,-1.1593204767384844
487,-0.13121842402965977
488,-0.9888457324443322
489,-1.5418730544036006
490,2.8700465698159636
491,-1.619594284166693
492,-1.4881832516856601
493,-1.1889947164427905
494,-1.351613602390179
495,-0.8478243415760057
496,-0.15532202390656902
497,-0.3928104872206414
498,0.1532482155791418
499,-0.3800844680457852
500,-1.2885239508610251
501,-1.1741627988903698
502,-1.3048170175118283
503,0.9273282458312854
504,-0.9414626275410586
505,-0.13883608890189503
506,-0.2656550695577432
507,0.6690028439320718
508,-0.3809758444421457
509,-1.2668071507024106
510,-1.179287004878125
511,-0.7421665764089819
512,-4.953740732898316
513,-2.29215752696094
514,-1.8378701329211733
515,1.88483889558176
516,-1.3069230583391356
517,-0.40794495246921325
518,-1.2307915850374709
519,-0.8361419941665015
520,-0.2649916354251597
521,-1.4961526954804807
522,-0.6415660394988459
523,2.7992151408134607
524,-1.735618921076684
525,-1.0394244890932196
526,-0.8129938232687602
527,-2.4907249556444224
528,-0.6419405237281718
529,-1.9443392046230805
530,-0.5539540647115596
531,-6.657069354942854
532,-1.4546989349961503
533,-0.2148004486439613
534,-0.7223542334396224
535,-2.1935620642492832
536,-1.1767341499267001
537,-0.6785255480481335
538,-0.8112134854101266
539,-2.2474824311466843
540,-0.3329407590757095
541,-0.6668353208531225
542,-0.7041422389673694
543,-1.0114605626728572
544,-1.1059075158888785
545,-0.9122429598623948
546,0.39923781157283333
547,-1.833637761769543
548,-1.1141231323666627
549,-0.8427100408457288
550,-0.3900439788918585
551,-1.2971557503763673
552,-1.4038350820018817
553,1.3783717582390498
554,-0.9723528013526187
555,-0.9080283430829804
556,-3.490623035834153
557,-0.26769832011335903
558,0.4496582891826525
559,-1.067957170948299
560,0.42495074053208104
561,-0.5376533811772556
562,-0.9609007489685889
563,-0.3971486268964791
564,-0.5780187615924087
565,-1.2241622110818948
566,-0.21820614394950677
567,-0.3724296192733457
568,-1.2715097284929637
569,-6.657069354942854
570,-1.4985152795386707
571,-1.1889947164427905
572,-1.1419243583445056
573,-0.8667916281919953
574,-0.24885772343234958
575,-1.0080647253361175
576,1.1805365703570505
577,0.21610443161716308
578,-0.669505998546226
579,-0.10374594812875937
580,-1.0317022333014787
581,-1.724503578840915
582,-0.3741850467839479
583,-0.45335102813544903
584,-1.7955536659576765
585,-1.2971557503763673
586,0.6292966312975229
587,0.42495074053208104
588,-0.8351845170120579
589,-0.7606812094191734
590,-2.2062980304016815
591,-0.23803422981595712
592,-1.65747208289317
593,-2.6513039059315755
594,-0.7531404133642513
595,-0.7342702023089965
596,1.6423396475293064
597,-0.4536083423943448
598,-1.2901578024234137
599,-1.5290460173552685
600,-0.9697471077524308
601,0.39679502487324403
602,0.19074021365614346
603,-0.7407787912114204
604,-1.6546768541218935
605,-0.4692774846587947
606,-0.83400944761736
607,0.5125531815094978
608,-1.3103830791254065
609,-0.558965617912241
610,-2.0615634411884596
611,-0.8828027025642892
612,-0.7501957042319755
613,-0.6654548012345723
614,-0.9625905629374126
615,-1.4089845767264944
616,-1.965744223159513
617,-1.3329077832465028
618,-1.7068528708240809
619,-0.3315867138895906
620,-0.08016320093229534
621,-0.43871129564039346
622,0.8629558769768356
623,0.18816411534534272
624,-1.9065314495108918
625,-2.153741352727918
626,-0.7556106512498014
627,-0.8351645638314887
628,0.5308220621933747
629,-0.6743750021089222
630,-0.5132740455486554
631,-1.179287004878125
632,-1.081621636511569
633,-0.7298182849590001
634,0.22074356975170606
635,0.3256635661569708
636,-2.4907249556444224
637,-3.0963946482505715
638,-0.7939898037530834
639,-0.8590737302199026
640,-0.09123825155492848
641,-0.5557337088289368
642,-3.7140407110071347
643,-0.8711097496227377
644,-1.8391505079325352
645,-2.6708427693775985
646,-2.8801982411061484
647,0.19982434749113243
648,-1.4739599513985322
649,-2.1851553604494054
650,-0.55578385586674
651,-0.1469099747508461
652,0.015247252915509546
653,-0.5381354605938123
654,-2.118673870965976
655,-1.8350223553111729
656,-0.4284274639430128
657,-0.39733937273715536
658,-0.3542902265681088
659,-0.9716373451319579
660,-0.6451521829911931
661,-0.7444583295817092
662,0.27556974389794864
663,1.4447768189405163
664,-0.9178068351884451
665,-1.0233689813925135
666,-3.1612984652798897
667,-2.853499309389951
668,-4.2983938826507195
669,-0.8861239250350702
670,-1.133564264334714
671,-0.30952877589205297
672,-0.2781804878627038
673,2.245560208779546
674,-0.8034936826781854
675,-1.2508815251089427
676,-1.4073688389687806
677,0.3558193806652189
678,-2.4625867258263536
679,-0.6080131516572936
680,-0.44087313031483244
681,-2.1516449572268126
682,-1.4661998516149222
683,0.7968416328260678
684,-0.9794096163522193
685,-1.4427004793307443
686,0.4461877873807599
687,0.5380164932361656
688,-1.3905199441420475
689,0.12462941955914364
690,-0.5289225766880871
691,-0.15783096335821323
692,-0.4591874971134472
693,-0.580202065245535
694,0.45914056831435535
695,-0.5645623035462516
696,-0.136239859689402
697,0.3618753363542401
698,-0.29308903168084466
699,1.4108937839722078
700,-3.382388297152806
701,-0.7005669167080181
702,-0.813281766930629
703,-1.6280324235183539
704,-2.0084141039840855
705,-1.0305217609854846
706,-0.7688762110617001
707,-2.731844157886405
708,-0.08988454570213189
709,-1.231110677288802
710,0.11724654422578606
711,-1.623720462004611
712,-0.8612422443963011
713,-0.06131303176678127
714,0.3841634676669178
715,-0.561427085703519
716,-0.7996774734616617
717,-0.9416514419935619
718,-0.9338206488001698
719,-2.0247834613451
720,-0.7992209420195219
721,-1.3003078189206203
722,0.8741455574832263
723,-0.17730736718019624
724,-0.21054008274668756
725,-1.2948831681505322
726,-1.0169929439495942
727,0.6136063127205756
728,-2.0911035328535217
729,-0.7250827884091019
730,-0.40794495246921325
731,-0.5897077602686432
732,-0.7191369315720574
733,-0.808235264196936
734,-0.19645213106878667
735,-0.10000500515440602
736,-1.6484886356146884
737,-1.4216534879976557
738,-0.6015732589538966
739,-0.8459313939756948
740,-1.2226796877915316
741,-0.3373308653446311
742,-1.8451977576763507
743,-0.44087313031483244
744,-0.36598012258175483
745,0.7233264822456339
746,-2.1516449572268126
747,-1.0400916159994065
748,-0.6244464447012826
749,-1.5179757215077583
750,-1.185061680886255
751,1.7908152860552011
752,1.6423396475293064
753,-1.9130491681462782
754,-1.653336650071898
755,-0.442454725798873
756,-1.1741627988903698
757,-1.9517611544865172
758,-1.8831662109262908
759,-0.1479499312384983
760,0.17078922010787256
761,-2.2671793480040545
762,-0.5558867601583904
763,-1.244624127237591
764,-0.5546233260715904
765,-3.1264272609615684
766,-1.3620825904939746
767,-0.2674497217684769
768,-0.7843699630578466
769,-0.8533730878160152
770,-1.008227902747036
771,0.9532816236257721
772,-2.6325605848321896
773,0.0017107599886668767
774,-0.835534717246622
775,-3.3614740423453693
776,-0.38125724304951436
777,1.745008378841499
778,-2.7733898927276837
779,-0.5236936360225907
780,0.20224997462791638
781,-0.8482939863874871
782,-0.8323512180253142
783,-0.136239859689402
784,-0.136239859689402
785,0.312611018540368
786,-0.24744398218142105
787,-0.7910715884748835
788,-1.365462273735817
789,-1.4554748732065175
790,-2.1559924583620838
791,-0.04187225591207333
792,-0.6775587218135736
793,-3.2640087939248215
794,-0.7767144389696251
795,-2.728538359717751
796,-1.0302325554663465
797,-1.5433603226395487
798,-1.6640213290534174
799,-0.9113242718159763
800,-1.1555266987066002
801,-1.9765648047256175
802,-1.2775022612717404
803,-0.9626734145216868
804,-0.9009393517886987
805,-0.42321104674561905
806,-1.0257085106853108
807,-1.7563236072963573
808,-0.33885554586782074
809,-0.7732448514684956
810,-1.2229297142365976
811,-0.7382813724904603
812,-1.7165455471472146
813,0.5403910191900839
814,-0.5212016983431961
815,-0.0525049002048571
816,-1.4038350820018817
817,-0.4675043613244635
818,-0.9042690989016985
819,-1.4192009662809806
820,-0.5722443297687273
821,-1.4928971490194254
822,-1.4216534879976557
823,-1.4156507066290853
824,-0.31134632877353663
825,0.45980141217378023
826,-0.6654548012345723
827,-0.9436301576911087
828,-0.24744398218142105
829,3.6316848317366937
830,0.008015247588689545
831,-0.35877935145591333
832,0.6056221247236754
833,-0.7767144389696251
834,-0.7222386991971684
835,-2.67293477658213
836,-0.6280730001338365
837,-0.4314493649895449
838,-0.26851704679736155
839,-0.89843420744325
840,-0.6363435255853939
841,-1.3965566719596918
842,0.019160342539544684
843,-1.7875017888118716
844,0.17806652504064335
845,-0.7878359020764715
846,-0.40868507364129936
847,-0.9741611394226676
848,-0.8440306544503126
849,-1.4972729978843855
850,-0.8986435747011167
851,-1.1507919143174572
852,-0.4907405632023004
853,-1.0465270338932324
854,-1.1009992607760415
855,-0.542934668664662
856,-0.8552697871577716
857,-1.038040095769082
858,0.19074021365614346
859,-0.24997558219700078
860,-1.080281090265613
861,-2.0172867165472415
862,-0.5994357368185258
863,-3.380553720206228
864,-2.5404301186913383
865,-1.0965500300353508
866,-0.835534717246622
867,-1.2120749161958368
868,-2.5883630901639822
869,-1.639935618020493
870,-1.0336533803685821
871,-1.4619337991240915
872,-1.1885652733105925
873,-0.7025293257125379
874,-1.1174869658494924
875,-0.602073974980703
876,-0.20739100000850452
877,-0.9000597658911981
878,-0.5297255297831266
879,-1.206371386687442
880,-2.8801982411061484
881,-0.7228454608315199
882,-0.13864983538653586
883,0.1846847153211063
884,-1.1267860776614267
885,-0.7794867399621007
886,-0.47712719421909167
887,-1.222434984222735
888,-1.779081826429893
889,-1.2870400010735406
890,-1.4985152795386707
891,-1.1889947164427905
892,-0.9163901765076669
893,-1.6819528990089534
894,-1.9849687057872796
895,-0.31477762716261803
896,-1.7045625512066334
897,-1.0994927750981116
898,-1.0226708964955744
899,-1.1728240271070174
900,-1.2901578024234137
901,-1.3913750799669824
902,-0.2346480601494373
903,-0.47070939736471995
904,-1.7535996165579402
905,-0.05398928353414145
906,-0.44890025381352483
907,-1.1738102378050552
908,-0.34671855380112315
909,-0.06449478541155951
910,-0.5747809513491456
911,-1.8152372900545029
912,-1.2954940807537039
913,-0.33885554586782074
914,-1.7033468583594011
915,0.2282875696323946
916,-0.7592252630471331
917,-0.6979211580205184
918,-0.3071031594386734
919,0.2783006255763728
920,-0.6577736658389081
921,-1.0609961018770147
922,-1.081621636511569
923,-2.1623013269949265
924,-1.63839999387943
925,-0.7523193980532649
926,-1.5228391060928228
927,-1.806690905606322
928,0.19013209330182168
929,-0.05318989360559623
930,-0.40799119801967787
931,-2.271215589411936
932,-0.8222373929580779
933,-0.4338145881221943
934,-0.18806585752657223
935,-2.558588605688845
936,-1.8344545330965216
937,-1.8344545330965216
938,-0.5597080249766487
939,-0.685163865318179
940,-0.6015732589538966
941,1.969894564671188
942,-3.3176629289042463
943,1.0658278087665796
944,-1.2713249534893887
945,-0.04657504434053361
946,-1.7546691324214034
947,-0.36598012258175483
948,-1.4881832516856601
949,-1.4067413259433277
950,-0.5962588339387959
951,-0.8955309696692434
952,-0.8955309696692434
953,-1.2971444847087579
954,-0.26851704679736155
955,-0.8477443337605787
956,-0.8785761625650731
957,-0.8996081791687568
958,-0.35550179605995236
959,1.4627753195795652
960,-1.306544777009881
961,-0.05398928353414145
962,1.9812028932413117
963,-0.08625386906566301
964,-2.238545459214661
965,-0.5880361319839887
966,-1.273849518266152
967,-0.34596635920764196
968,-1.0258014173600412
969,0.16508650146675852
970,-0.4591874971134472
971,-0.4237106881191489
972,-1.8239030165149224
973,-0.22190745550974877
974,-1.6672911875163674
975,-0.6216086044655834
976,-0.8578589009986411
977,-0.44750067170340013
978,-1.432505809330328
979,-1.7744125903441184
980,-0.963328779321534
981,-0.33215668818194455
982,-0.38946246197208534
983,-0.33804690992650943
984,-0.7989348135912183
985,-0.47822207340140277
986,1.9278370545603654
987,0.22387377845398693
988,0.10525420011330955
989,-1.5026066834708
990,-0.5628582984713665
991,-1.225773237771259
992,-0.6628463369327234
993,-0.42321104674561905
994,-0.2656550695577432
995,-0.8629648550861669
996,-0.6637599258226866
997,-0.7424753656065394
998,-0.2656550695577432
999,-0.2656550695577432
1000,-1.181181833429033
1001,-0.9810988384490907
1002,-1.3602906708425788
1003,0.3793377065370668
1004,0.26700806854658243
1005,-0.10784811260456262
1006,1.0346972174633837
1007,0.251274659221041
1008,-0.8195752058632645
1009,-0.5277696709460907
1010,-3.325516177272794
1011,-1.4156507066290853
1012,-0.15147880248806256
1013,-1.8903570101442053
1014,-1.0719538349599684
1015,-2.108097898288042
1016,-1.2363136722386923
1017,2.4572468300292716
1018,-0.6244464447012826
1019,-0.3955661291261857
1020,-0.3542902265681088
1021,-0.8874588289331643
1022,-0.9814859212559791
1023,-0.7784350849281249
1024,1.2952276913319185
1025,-1.020132226200479
1026,-0.9039858488483271
1027,-0.2328290730627155
1028,1.7907479883042985
1029,0.061691735758833244
1030,-0.8171702241944717
1031,-1.6056529383282925
1032,-0.817970080375252
1033,-0.7661865999113803
1034,-1.2336249298794204
1035,-0.3275000590930598
1036,-0.48050213943215947
1037,-0.5398096866845402
1038,-1.2813409157933275
1039,-1.639935618020493
1040,-0.5534161442235809
1041,2.7260016158837974
1042,1.5070110025619972
1043,-0.3085556746487209
1044,-1.1139367728269587
1045,-1.7042082008625439
1046,-1.5842208260741284
1047,-0.6029218838995883
1048,0.17768940396169175
1049,0.47105286776494826
1050,-1.101524740041354
1051,-1.046407803080477
1052,-0.9742845458315034
1053,-0.23360197563400742
1054,-0.7549239025355002
1055,-0.24871496528861836
1056,-0.6451521829911931
1057,-0.9810988384490907
1058,-0.5531397212284243
1059,-1.0631272647817038
1060,-0.2827619492436789
1061,0.8565359961024673
1062,-1.0781171858726442
1063,1.2869603537866485
1064,-0.8571624063353037
1065,-0.18806585752657223
1066,-0.7606812094191734
1067,-1.9897543102092268
1068,-2.2594954590234035
1069,-0.39733937273715536
1070,-0.5856729808577706
1071,-1.2319030347141382
1072,-0.6000970186929403
1073,-0.7426061032776071
1074,-0.7328109424889123
1075,-0.03832470122352116
1076,-2.1623013269949265
1077,-0.5271608543695318
1078,-1.8141428567602471
1079,-1.3953884426962073
1080,-0.3952633890955023
1081,-0.9356472088697013
1082,-1.2061649866444473
1083,-1.4617376183477457
1084,-0.7863854701960998
1085,0.6300604113837044
1086,1.1043174589499873
1087,1.1043174589499873
1088,-0.8795117096201767
1089,-1.9577371931696756
1090,2.442897170873545
1091,-1.0994927750981116
1092,-1.1608658029513474
1093,-0.6144108525772419
1094,-0.06316700039024237
1095,-0.848947744907269
1096,-0.7879576009120494
1097,-2.555771919754532
1098,-1.6338713604457826
1099,-2.205575203930712
1100,-1.3136230233791277
1101,-1.3200861935388377
1102,0.11086514652525825
1103,-0.18589987775441397
1104,-0.7824388458402093
1105,-0.8667916281919953
1106,-1.626421773340061
1107,-0.2686389094110363
1108,-1.4374483221389251
1109,-1.517399801345901
1110,-1.2773286774667607
1111,-1.992052990101561
1112,-0.16458065384917642
1113,-0.7644002437229797
1114,-2.6242524829922242
1115,0.6744659224542123
1116,-0.7383430774745018
1117,-1.0923918027879491
1118,-1.042307615988184
1119,-0.12247441283644445
1120,-0.8966766997866865
1121,-0.1469765348486528
1122,-0.7758740690175382
1123,0.10766169300474193
1124,-1.8273465728440552
1125,0.46545251058088344
1126,-6.4311917260650855
1127,-0.31134632877353663
1128,0.29558455292684205
1129,-1.2272335680894582
1130,-0.6767872122905717
1131,-3.0571958595708875
1132,-0.8240618467571784
1133,-1.0782604528738045
1134,-0.7082490863688998
1135,-0.5545342712534714
1136,-1.5833139710317976
1137,-1.0587180880745333
1138,-1.4832722876365434
1139,-1.6324043706697804
1140,-0.535272284222989
1141,-0.8894564985851029
1142,-0.9114190321896326
1143,0.016055728108485323
1144,-0.47929424240486707
1145,-0.11718239553076681
1146,-0.49647968012781074
1147,-1.1112346494859846
1148,2.1706057640926577
1149,-0.7284359343797372
1150,-1.3265347554680371
1151,-1.0787823399684608
1152,-0.1276789014337164
1153,-1.113519446817838
1154,-1.577660910164317
1155,-4.953740732898316
1156,-1.5148600029360946
1157,-1.1123109396995385
1158,-1.5463719454825036
1159,-1.4010394009750993
1160,-0.9723528013526187
1161,-1.1996088560044154
1162,0.016869958474201252
1163,-0.9652194697831841
1164,-0.2507916302991243
1165,-1.070618407967478
1166,-0.8058727700057186
1167,-1.3009263306396956
1168,-0.8378723375892089
1169,-1.620319750302718
1170,-0.5534938172334288
1171,-1.0381619009447771
1172,-1.2399395797436181
1173,-1.099986149969963
1174,-2.7953689330029245
1175,-3.074000661378383
1176,-1.9697042270561962
1177,-1.2146322119484463
1178,-1.4495481204820404
1179,-1.7547378572558525
1180,-0.605697719489802
1181,-1.4070453750325296
1182,-2.7732110690543816
1183,-0.029494459647528504
1184,-0.535272284222989
1185,-0.6369743464109855
1186,1.7908152860552011
1187,0.36223031102997016
1188,-1.0858418701767274
1189,-1.4434998592101973
1190,-1.1007157998363564
1191,-1.0505165645724954
1192,-0.5544721173717359
1193,-0.10527160476591557
1194,-1.193844643380773
1195,1.55381070413568
1196,1.6486436746351476
1197,-2.3096362203011918
1198,-1.2528069097236578
1199,-0.5766111106988542
1200,0.594957365506339
1201,-0.7659840464868938
1202,-0.6715810472353975
1203,-3.801585867974671
1204,-0.9324799832002152
1205,-0.6879675456840796
1206,0.09919852794879536
1207,0.026812052049786428
1208,-0.8361419941665015
1209,-0.053227710080056556
1210,-0.6934939350538708
1211,-1.517399801345901
1212,-0.8835543351736613
1213,-1.7092413407524472
1214,-1.4526716007769718
1215,-0.804933083802842
1216,-0.9420553135725579
1217,-0.9436301576911087
1218,-1.455745654860996
1219,-1.2038934153156955
1220,-1.1294482015996632
1221,-1.5862224820083153
1222,-0.6769269832997916
1223,-0.5276534471617021
1224,-1.2146322119484463
1225,-1.5026597701063888
1226,-1.9400511046854998
1227,1.1170636918444092
1228,0.016055728108485323
1229,-0.8842766907565912
1230,-1.825810941197366
1231,-1.0891201012718579
1232,-1.5968556230790139
1233,-2.100090482768442
1234,-0.14275490837665028
1235,-1.3575996900724245
1236,-1.6640213290534174
1237,-2.180634394455458
1238,-0.884209901355879
1239,-0.12684476421674684
1240,0.9004119902908575
1241,-0.746875932520373
1242,-1.2843399815857222
1243,-1.3994462115358512
1244,-0.6727429669287285
1245,-0.32448128660691633
1246,-1.1090549729851116
1247,-0.7118729902546387
1248,-1.0200739162569104
1249,-0.7269926934681744
1250,-1.5321240677518615
1251,0.48434630641618004
1252,1.2567403404916764
1253,0.45548104714466764
1254,1.4449379624924337
1255,-0.8558272701383397
1256,1.5821663975318163
1257,-1.3714987634510738
1258,-1.750145655026719
1259,-0.651630740918458
1260,-1.1102351373069634
1261,-0.3407573399799214
1262,-0.2552394453805301
1263,-1.2066376458028767
1264,-1.711105572839875
1265,-2.215547350328128
1266,-1.2815426907668463
1267,-0.7632824446395342
1268,-1.4071338508110411
1269,-0.924377312191046
1270,-1.6729422853196976
1271,-1.6729422853196976
1272,-1.1507022933028193
1273,-1.6484886356146884
1274,1.1060779223821644
1275,-0.5926131637102098
1276,-0.9829086393688352
1277,0.6643347003052168
1278,-0.6312811923741374
1279,-1.4901418248785543
1280,-0.9150441792384408
1281,-0.05702554094930956
1282,-1.8903570101442053
1283,-0.8220658687579795
1284,-0.8059844325334832
1285,-0.8351645638314887
1286,-0.5720618413902353
1287,-2.363087598816156
1288,-2.9081569157782265
1289,-0.9254239920391764
1290,0.05318917172589199
1291,-1.8171373867991942
1292,-2.4343930013294592
1293,-1.747782277799315
1294,-0.301914378149048
1295,-1.202328612009529
1296,-1.9269338149031423
1297,-1.2239130681589554
1298,-2.107765225516209
1299,-0.7383430774745018
1300,2.8700465698159636
1301,-1.868072495801668
1302,-0.3877140793806627
1303,-0.6969078178089009
1304,-0.660074324595035
1305,1.4445974334245424
1306,4.251193558148325
1307,-1.6149192379715398
1308,-0.687329641953374
1309,-2.1653834487043095
1310,-1.0323421642676447
1311,-0.5388918846013179
1312,-1.0454226731075575
1313,-0.9582693792680085
1314,-0.7069323778073108
1315,-0.9145751823962679
1316,-0.7325438854014886
1317,-1.5103579405899605
1318,-0.784111472573981
1319,-1.3446426010441694
1320,0.1835254148210429
1321,-1.1052552941185265
1322,-0.5555487460190224
1323,-0.5563021888962564
1324,-0.11064846736964096
1325,-1.6307993322826544
1326,-4.737862786354546
1327,-1.395434581433923
1328,-1.3742634664730087
1329,-3.5306839493031443
1330,-0.7592252630471331
1331,-0.6846670509430889
1332,-1.5441009136570312
1333,-0.7284231723922988
1334,-1.2056099907570026
1335,-3.2021146842585377
1336,-1.0761516318522517
1337,-0.8982601040911663
1338,-2.4368191405594093
1339,-1.0627459400431913
1340,-0.5978154450258354
1341,-0.42119213101778097
1342,-0.5811493073556501
1343,0.6906899848769631
1344,-0.4162443321391204
1345,-0.9295508507134026
1346,-1.2066967075980468
1347,-0.9059673965804133
1348,-1.6075490154101768
1349,-1.0791275487518188
1350,-1.1813104436623885
1351,1.1150065652144452
1352,-1.3575730789321963
1353,2.739997778035013
1354,0.3450108096414316
1355,-2.240665233744833
1356,-1.448892667369341
1357,-0.8016962320395801
1358,-1.8344545330965216
1359,-0.9719515587429778
1360,-0.9428637132181928
1361,-0.3344129446018921
1362,-0.8749239810221264
1363,-0.3150897223084338
1364,-0.8364755182666296
1365,-0.5892903191323081
1366,-1.8903570101442053
1367,-0.5363102011557624
1368,-0.7408642364096688
1369,-1.3920498578130402
1370,-1.4856245829100398
1371,-1.7617921968812507
1372,-1.199616424449351
1373,-1.7354437908817015
1374,-0.6959745572756882
1375,-2.0019129743093362
1376,-0.6047499077738488
1377,-12.267233615658204
1378,-0.5202231687343878
1379,-1.1005639208610507
1380,-2.3219518973224753
1381,-1.2061356340077634
1382,-1.60594569333694
1383,-0.31470906050323133
1384,-0.5386551556398763
1385,-0.9909484267691137
1386,-2.782739589847216
1387,-1.4913542144691174
1388,-2.1559924583620838
1389,-0.058755736878159825
1390,-0.2512091527762602
1391,-0.8671371404380376
1392,-0.058755736878159825
1393,-0.6812190891042372
1394,-0.5455909639444537
1395,-0.9580547572334889
1396,-0.8798884338935674
1397,-1.5351768750458472
1398,-0.1877116025519906
1399,-1.0932359764859054
1400,-0.4038385327897823
1401,-1.2169687458591536
1402,-0.8254189994545466
1403,-1.4407175659751896
1404,-0.19351037515236225
1405,-0.8853864519722999
1406,-0.7629119059849375
1407,-1.628588577677652
1408,-2.578618499239857
1409,-0.5339010269231163
1410,-0.7187309111399126
1411,-0.6818715519057913
1412,-0.7946343127695935
1413,-0.5548214176175942
1414,1.071291168572893
1415,-0.12272814050570513
1416,0.776566551299391
1417,-1.2378771027403044
1418,-1.3251396563344482
1419,-1.4911104420541275
1420,0.00955629384184864
1421,-0.7788565139592459
1422,-0.8035368117258254
1423,-0.6504420953339486
1424,-0.4079269022070714
1425,-1.0422821625160363
1426,-0.9420553629748251
1427,-2.286684033678929
1428,-1.6921921408538
1429,-1.2802707948687964
1430,-1.3965566719596918
1431,-1.7528084842038023
1432,-1.147322811737757
1433,-1.4944226350419196
1434,-0.9391062688565678
1435,-1.2123620221087972
1436,1.4627753195795652
1437,-0.3315867138895906
1438,-0.6340118193777239
1439,-0.7273267864884455
1440,-0.5282535606363278
1441,-1.1109138525633622
1442,-1.4947950102325134
1443,-1.678799670921924
1444,-0.7625850549357177
1445,-1.0379835599349345
1446,-1.7970567247856675
1447,-1.955106595519558
1448,-0.3292769207810603
1449,-0.8197620093472348
1450,-0.3549964154005262
1451,-0.7622858615620539
1452,-1.4586643464884812
1453,-0.724179059508847
1454,-1.0862355313917416
1455,-0.5519284284715321
1456,-1.015052269319133
1457,-1.1692441034619971
1458,-1.1219972982467308
1459,-2.0235441310756865
1460,-1.863520068962762
1461,-1.4794795976720598
1462,-1.2068917125206493
1463,-0.29143427619719897
1464,-1.3555936655139273
1465,2.1418936216532938
1466,-0.24761927600246547
1467,-1.144419231804454
1468,-1.0016527181197485
1469,-0.8694084361486228
1470,1.3832095536989417
1471,1.15478481874481
1472,-0.4656206180390664
1473,-1.4831785321533655
1474,-1.1315589980831415
1475,-1.2296752876385053
1476,-1.0303589367578123
1477,-1.775357254774283
1478,0.027555241877118886
1479,-1.5433589194010207
1480,-1.6180759729761771
1481,-0.9448447969052561
1482,-1.2038337674117763
1483,-0.4774541163425975
1484,-1.373374554817799
1485,-1.1250404653371984
1486,-1.5716004623000739
1487,-3.0087106694247634
1488,-0.8274861950951101
1489,-0.8315703200581462
1490,0.8174140924130829
1491,-1.0183450844189732
1492,-1.4697650608075143
1493,-2.163359763278356
1494,-2.229832503921708
1495,-1.2454320612613294
1496,-0.6776376387764226
1497,-0.6879309681908533
1498,-0.4813944939889633
1499,-1.1774284102173151
1500,-0.054777358852836744
1501,-1.0470445085253157
1502,-0.9409643893970151
1503,-0.8221711480307671
1504,-1.9184704493924354
1505,-5.128364445787318
1506,-1.806690905606322
1507,-1.2316160178876654
1508,-1.8406186471893076
1509,-0.8840449533645954
1510,-1.0912986180321465
1511,0.7357466469393988
1512,-2.271215589411936
1513,-1.042359078538416
1514,-0.6399712220087589
1515,-0.5539287270460899
1516,1.1079064635806422
1517,-1.3953884426962073
1518,-1.2308913944245514
1519,0.573386502562352
1520,-1.1996088560044154
1521,-1.317140132313062
1522,-1.1507022933028193
1523,-0.928304623228234
1524,-1.4510698959999697
1525,-0.11206582776901353
1526,-1.4529048817678412
1527,-0.8887121551930316
1528,-1.2769353709548081
1529,-0.6682719895420685
1530,0.5226917057237818
1531,-0.9980904596937189
1532,-0.7866157918857563
1533,-0.957870787194805
1534,-0.8351845170120579
1535,-0.841836082018295
1536,-0.8442757894361871
1537,-0.3369391862957566
1538,-0.4314493649895449
1539,-0.9609007489685889
1540,-0.5187636492547137
1541,0.8133808798300298
1542,-1.0127400655561924
1543,-2.8801982411061484
1544,-0.6765497588100383
1545,-0.29308903168084466
1546,-1.3595658641840256
1547,-0.89372279833068
1548,-1.5501219990501394
1549,-2.2493825644786707
1550,-0.7325155295486051
1551,-2.378541236549454
1552,-2.5074358260400977
1553,-4.776610172338538
1554,-1.434043964034073
1555,1.9595280140357065
1556,-3.1314512218047152
1557,-3.7703763698154997
1558,-2.0064231491510878
1559,-0.43829090853073704
1560,-1.6530757437460348
1561,-2.106994188372971
1562,-1.061888313638887
1563,-0.04657504434053361
1564,-0.4399480888725428
1565,-0.40024731027174265
1566,-0.5219614222848338
1567,0.7624216580049908
1568,-1.29739728859718
1569,-0.9754247666118071
1570,-0.5754846264311108
1571,0.37403820588368764
1572,-0.16530981299003666
1573,-0.09684094660452824
1574,-2.060035776093647
1575,-4.492776650745816
1576,-0.9824462864172342
1577,-0.6865295066762249
1578,-1.8395008941702198
1579,-1.3531871819602141
1580,1.9278370545603654
1581,0.6182601743328765
1582,-0.6812190891042372
1583,-1.6012994653582542
1584,-1.2592505602602042
1585,-1.6319107448973806
1586,-1.6821098937119618
1587,-0.6924283937005792
1588,-2.634423198577082
1589,-1.0308004755477835
1590,-2.158344951252934
1591,-2.320456839529184
1592,-2.477780804023917
1593,-0.671420448372407
1594,1.532489154487111
1595,-2.0170154537852536
1596,-1.28246402331178
1597,-0.8238353979306633
1598,-1.545542040612096
1599,-1.1032067247273485
1600,-1.7182416797019666
1601,-0.9515399852459278
1602,-0.5339538265315421
1603,-1.4175590158086688
1604,-1.4023532726362955
1605,-1.405794329459665
1606,-1.2220419867804875
1607,-1.9293836868000493
1608,-1.5407834847634714
1609,-0.9517294493527525
1610,-1.8384665058573315
1611,-1.3838265567327337
1612,-1.054891289200759
1613,-0.26117666847566123
1614,-0.46118939707415574
1615,-1.2499157070656555
1616,-0.5740941058864361
1617,-1.2487613979226122
1618,-0.11741703328899245
1619,-0.8717116565283421
1620,-0.11914464823980875
1621,-1.0403098677004206
1622,-1.7339169767466327
1623,-1.1492687867994018
1624,-1.9496471156431792
1625,0.36245582230106
1626,-1.4794795976720598
1627,-1.1315936101491584
1628,-0.9898459475827702
1629,-0.7688380705841221
1630,-0.8694084361486228
1631,-0.3654793555097501
1632,-0.5409660983601422
1633,-0.9485137555440896
1634,-5.0105096338197
1635,-4.691936134142443
1636,-0.7391275727715135
1637,-1.2397095695745133
1638,-0.5546466792114709
1639,-0.6639972809133122
1640,-2.2797741417167483
1641,-1.2769893754746757
1642,-1.61035024250695
1643,-0.8672390292163054
1644,-1.525253199082952
1645,-1.7563236072963573
1646,-0.9083242757516582
1647,-0.2680913394404082
1648,-0.8277400516624079
1649,-0.15343750348487173
1650,-0.6600179699626433
1651,-0.8346072492463515
1652,-0.6369585025990058
1653,-1.0738916698438015
1654,-1.094125567443383
1655,-0.8176680192649018
1656,-0.7836051975742232
1657,-0.6979211580205184
1658,-0.3838587348395829
1659,-1.912274374165504
1660,-2.149095987525447
1661,-1.404412257807314
1662,-0.5555024114046087
1663,-0.15783096335821323
1664,-1.484139860458809
1665,-0.840359883752617
1666,-1.1728731347119865
1667,-1.913587926423764
1668,-0.5545135312591948
1669,-1.981424925875345
1670,-1.191314959523245
1671,-2.6727428235548896
1672,-2.538599825384079
1673,-2.6905538641159055
1674,-0.728197198790573
1675,-0.6215788886950032
1676,-0.5385616565377144
1677,-2.2673383570847676
1678,-1.0971582184920035
1679,-0.62394063227139
1680,-1.4135462856232746
1681,-0.7714771851973178
1682,-1.4766390970066947
1683,-1.100630998752541
1684,-1.3359541169817444
1685,-2.334973875353148
1686,-0.9850720411169699
1687,-1.2241216318067814
1688,-0.2997161170745154
1689,-0.8563280623448487
1690,-2.072694131370998
1691,-0.8221711480307671
1692,0.23644822318708425
1693,-0.9861887174102487
1694,-1.8276541866842333
1695,-1.325597807699614
1696,-0.8080512526802915
1697,-0.66124458223147
1698,-1.428889511434468
1699,-1.3666357863312424
1700,-1.575471585915663
1701,-0.7221942483653033
1702,-0.3697238930698087
1703,-0.5423614955887411
1704,-0.22640624538277432
1705,-1.3461401697304805
1706,0.1670359507924265
1707,-1.4474454054335464
1708,-1.54301983667151
1709,-1.131335445995239
1710,0.18916058096564303
1711,-0.6862143118796008
1712,-1.3325014857288995
1713,1.1209440141465112
1714,-2.310899491263397
1715,-0.7484483694451692
1716,-2.2145802415820857
1717,-1.5921903118981984
1718,0.7657122580562917
1719,-0.7656797324662018
1720,-1.350797685923018
1721,-1.9986194728390654
1722,-1.6339274947670983
1723,-1.744165443987141
1724,-1.407585611745068
1725,-3.1473968759789113
1726,-2.665392683009804
1727,-6.8563063432084785
1728,-0.9877263275455571
1729,-1.8210147862393224
1730,-1.6446947352315728
1731,-2.1459929532231197
1732,-2.788976536276646
1733,-5.246544184714493
1734,-0.8585150550520079
1735,-1.0454812161523446
1736,-1.2403282364662598
1737,-0.5543287304590815
1738,-1.1833901388948416
1739,-0.6235611893417906
1740,-0.7432086926948197
1741,-0.9420553135725579
1742,-0.7092355740417114
1743,0.29558455292684205
1744,-0.020213627036026582
1745,0.152618251215218
1746,-0.6088784917314934
1747,-0.1535625941076172
1748,-1.027829729233309
1749,-1.0954481331000192
1750,-0.5363102011557624
1751,-2.6366221011421356
1752,-0.8636331821344195
1753,-0.12605323613816732
1754,-6.098268093310898
1755,-1.3422949192116658
1756,-0.6604427877168016
1757,-0.1745637274536359
1758,-1.3866028170023466
1759,-3.0961460306897077
1760,-1.5298148735021329
1761,0.4417356129704705
1762,0.10525420011330955
1763,-0.3315867138895906
1764,-0.5562680450432927
1765,-0.9127454471014093
1766,-0.36591559084292224
1767,-0.21306180427024468
1768,-0.1213101034186489
1769,-0.20090654547561637
1770,-0.817970080375252
1771,-2.6325605848321896
1772,0.594957365506339
1773,-0.6523682690688853
1774,-1.1669486601185337
1775,-0.046080980617252965
1776,-1.9834215764575855
1777,-0.49605948719133675
1778,-1.517399801345901
1779,-1.2237352933459302
1780,-0.637950249739143
1781,-0.7092355740417114
1782,-0.5296014264561303
1783,-0.6497303271741454
1784,-0.48074842818505725
1785,1.150512461809912
1786,-0.9329172474148776
1787,-0.3933034446014555
1788,-0.3779230513222752
1789,-1.9762591981306894
1790,-0.9824462864172342
1791,-1.063491266294724
1792,-1.2180945906384704
1793,-1.3565258564270568
1794,-0.5548214176175942
1795,-1.225773237771259
1796,-1.1199528136576458
1797,-0.4585038941347114
1798,-0.5557337088289368
1799,0.39679502487324403
1800,0.08969655209764416
1801,0.8422342523753007
1802,-1.2229297142365976
1803,-0.6048188634371153
1804,-0.20710431995757783
1805,-0.8896462613297781
1806,-2.08495522989279
1807,-0.5534161442235809
1808,-1.397399297268505
1809,-0.9433566628216975
1810,-1.131335445995239
1811,0.9791332443191668
1812,-0.5055691842904116
1813,0.4257942493981962
1814,1.1150065652144452
1815,-1.4231133493087267
1816,-0.3822301825076816
1817,-2.205575203930712
1818,-0.7301694033111391
1819,-1.0662742997532941
1820,1.776424907282811
1821,-0.9742042497848099
1822,0.47105286776494826
1823,0.17198755272985455
1824,-0.554911141317893
1825,-0.2148004486439613
1826,-0.2148004486439613
1827,-1.219206092825532
1828,-1.1456563036747216
1829,0.7638155604361804
1830,-0.7695189604297407
1831,-0.8833933166435325
1832,1.5604095163924203
1833,0.36245582230106
1834,-0.557109805855727
1835,-0.4409336531445919
1836,-1.0782566181006636
1837,0.21296847896314308
1838,-0.485870766741323
1839,0.4568626976367637
1840,-0.5970810550938718
1841,-0.7426061032776071
1842,-0.40054784214598793
1843,-1.1466655908996022
1844,-1.1147623165776501
1845,-0.6411268214172646
1846,-1.5572490898687956
1847,-0.22190745550974877
1848,-0.38863454844027057
1849,-1.212288395263604
1850,-1.0720640637836159
1851,0.3256635661569708
1852,-0.9966691654796288
1853,-1.1885652733105925
1854,-2.6708427693775985
1855,-0.563261728357565
1856,-0.49200455227521356
1857,-0.6941040840595799
1858,-1.1524632512710786
1859,-1.629937561643934
1860,-0.9865814461537193
1861,-3.9159741801472503
1862,0.01512441990208846
1863,-1.1878677655320242
1864,-0.6837627425404572
1865,1.392198640120439
1866,-0.3292769207810603
1867,-0.808990910211074
1868,-0.5559700883129163
1869,-1.395434581433923
1870,-0.06732822328645749
1871,-1.017632396821453
1872,-0.48088314674540367
1873,-0.5800671003921475
1874,-1.1793202927867465
1875,-0.6517986463017545
1876,-0.47023961674059034
1877,-1.7615325518683758
1878,-1.482475758773015
1879,-1.4856052740837296
1880,-0.7161831948010383
1881,-1.3358651321342077
1882,-0.9987584531550818
1883,-0.6582914709905959
1884,-0.7863222991420197
1885,-0.8711798912906817
1886,-0.4453918776588902
1887,-1.903671288763027
1888,-1.0773355188176401
1889,-1.5002192298043635
1890,-0.500942745010624
1891,-1.505917994116805
1892,-0.6461475276444072
1893,-1.0914349530907064
1894,-0.42923276123557297
1895,-0.9430002959977254
1896,-1.673360676552809
1897,-0.48272439974710035
1898,-0.8154699234678463
1899,-0.7695189604297407
1900,1.771385070042351
1901,-1.6763212248501613
1902,0.7752463464676415
1903,-0.2346480601494373
1904,1.81676072545398
1905,1.1005165692796997
1906,-0.6144108525772419
1907,-1.0139774584841117
1908,0.3793377065370668
1909,-0.5555976571975466
1910,0.5017231869663893
1911,-0.9463706083511932
1912,0.6092981781342265
1913,1.3872088935136677
1914,1.0765489808256081
1915,-0.8628030442874585
1916,-1.482475758773015
1917,-1.0500476412482538
1918,-1.4762517647696907
1919,0.9791332443191668
1920,-0.6088784917314934
1921,-3.435242121960301
1922,-1.8139264835970916
1923,-1.527772063498281
1924,-0.6429824967513152
1925,-0.8315013488837318
1926,-0.9973027587375664
1927,-0.6924283937005792
1928,-1.8941659422120498
1929,-1.4832708718148186
1930,-0.4303394443960523
1931,-0.9742845458315034
1932,-1.109724073773135
1933,-1.111441296874018
1934,-1.038756519350354
1935,-0.7302399949282384
1936,-0.2710881024020838
1937,-0.9402483261442905
1938,-0.8247132425588805
1939,-0.9858029294655973
1940,-1.5158720629145588
1941,0.7859661197580384
1942,1.4463126461398392
1943,-0.9460957363300063
1944,-0.9108971254211776
1945,-1.20613707691947
1946,-1.1236188246417296
1947,-0.5552835929829082
1948,-0.5945280514792354
1949,-1.108165526200187
1950,-1.9922478562361956
1951,-1.1905658139252733
1952,2.4572468300292716
1953,-1.7959767113588425
1954,-1.1624650732691482
1955,-1.3221565581846368
1956,-1.066726982458432
1957,-0.6898439022727806
1958,-1.092639803115114
1959,-1.0444444565530784
1960,-1.1183419060563633
1961,-0.9969038529155138
1962,-1.2768775507539711
1963,-0.9637649226400659
1964,-0.6628463369327234
1965,-1.4030516162732223
1966,-1.64670328639734
1967,-1.2154524825451727
1968,-1.2486742547110676
1969,-2.226410535342387
1970,-1.5674332484509446
1971,-1.2785005729891008
1972,-2.6277615573009196
1973,-1.563360575250604
1974,-1.0763604435623702
1975,-2.0700270219110717
1976,-0.9114032719776243
1977,-0.9893725265546375
1978,0.049687568452904896
1979,-3.6204158384107767
1980,-0.7445408663797844
1981,-1.4651615009253387
1982,-1.5996655370839417
1983,-0.6475280619073568
1984,-0.8863392720780875
1985,-1.4548898666188617
1986,1.1514247808307818
1987,-0.5659216069572767
1988,-1.0231232925027864
1989,-0.6795559098691494
1990,-0.8378723375892089
1991,-0.16458065384917642
1992,-2.252892929347629
1993,-1.1243798310321917
1994,-1.3418945296643283
1995,-2.1021294889512543
1996,-1.2116481106834325
1997,-0.9814859212559791
1998,-1.3339822230490643
1999,0.03513691098507554
2000,-1.8085887880897271
